,Address,City,Province,Country,Full Address,Coordinates,Point,latitude,longitude,altitude
0,971 Ossington Ave,Toronto,Ontario,Canada,"971 Ossington Ave,Toronto,Ontario,Canada","Actinolite Restaurant, 971, Ossington Avenue, University—Rosedale, Old Toronto, Toronto, Golden Horseshoe, Ontario, M6G 3V5, Canada","(43.6678566, -79.4279484, 0.0)",43.6678566,-79.4279484,0.0
1,890 College St,Toronto,Ontario,Canada,"890 College St,Toronto,Ontario,Canada","Alchemy, 890, College Street, Davenport, Old Toronto, Toronto, Golden Horseshoe, Ontario, M6H 1A6, Canada","(43.65402, -79.4250718, 0.0)",43.65402,-79.4250718,0.0
2,485 Wellington St W,Toronto,Ontario,Canada,"485 Wellington St W,Toronto,Ontario,Canada","485, Wellington Street West, Spadina—Fort York, Old Toronto, Toronto, Golden Horseshoe, Ontario, M5V 1E3, Canada","(43.64317, -79.398377, 0.0)",43.64317,-79.398377,0.0
3,162 Cumberland St,Toronto,Ontario,Canada,"162 Cumberland St,Toronto,Ontario,Canada","Alobar, 162, Cumberland Street, University—Rosedale, Old Toronto, Toronto, Golden Horseshoe, Ontario, M5R 3V5, Canada","(43.669957, -79.3935936, 0.0)",43.669957,-79.3935936,0.0
4,131 Bloor St W 2nd Floor,Toronto,Ontario,Canada,"131 Bloor St W 2nd Floor,Toronto,Ontario,Canada",,,,,
5,600 King St W,Toronto,Ontario,Canada,"600 King St W,Toronto,Ontario,Canada","Bier Markt, 600, King Street West, Spadina—Fort York, Old Toronto, Toronto, Golden Horseshoe, Ontario, M5V 1M3, Canada","(43.6446091, -79.3999509, 0.0)",43.6446091,-79.3999509,0.0
6,1054 Gerrard St E,Toronto,Ontario,Canada,"1054 Gerrard St E,Toronto,Ontario,Canada","1054, Gerrard Street East, Toronto—Danforth, Old Toronto, Toronto, Golden Horseshoe, Ontario, M4M 2A1, Canada","(43.66925601111111, -79.33613622222222, 0.0)",43.66925601111111,-79.33613622222222,0.0
7,240 Annette St,Toronto,Ontario,Canada,"240 Annette St,Toronto,Ontario,Canada","240, Annette Street, The Junction, Parkdale—High Park, Old Toronto, Toronto, Golden Horseshoe, Ontario, M6P, Canada","(43.6626068, -79.47113492857142, 0.0)",43.6626068,-79.47113492857142,0.0
8,1078 Bathurst St,Toronto,Ontario,Canada,"1078 Bathurst St,Toronto,Ontario,Canada","1078, Bathurst Street, University—Rosedale, Old Toronto, Toronto, Golden Horseshoe, Ontario, M5R 3G6, Canada","(43.6724993, -79.4142658, 0.0)",43.6724993,-79.4142658,0.0
9,25 York St,Toronto,Ontario,Canada,"25 York St,Toronto,Ontario,Canada","Union Health, 25, York Street, Spadina—Fort York, Old Toronto, Toronto, Golden Horseshoe, Ontario, M5J 2V5, Canada","(43.643372150000005, -79.38124521980615, 0.0)",43.643372150000005,-79.38124521980615,0.0
10,1111 Queen Street E,Toronto,Ontario,Canada,"1111 Queen Street E,Toronto,Ontario,Canada","Ascari Enoteca, 1111, Queen Street East, Toronto—Danforth, Old Toronto, Toronto, Golden Horseshoe, Ontario, M4M 1L4, Canada","(43.6619843, -79.3354156, 0.0)",43.6619843,-79.3354156,0.0
11,620 King Street W,Toronto,Ontario,Canada,"620 King Street W,Toronto,Ontario,Canada","620, King Street West, Spadina—Fort York, Old Toronto, Toronto, Golden Horseshoe, Ontario, M5V 1M5, Canada","(43.6447147, -79.4009468, 0.0)",43.6447147,-79.4009468,0.0
12,145 Lauder Ave,Toronto,Ontario,Canada,"145 Lauder Ave,Toronto,Ontario,Canada","145, Lauder Avenue, Davenport, Old Toronto, Toronto, Golden Horseshoe, Ontario, M6H 2J6, Canada","(43.678473, -79.439532, 0.0)",43.678473,-79.439532,0.0
13,4150 Yonge St,Toronto,Ontario,Canada,"4150 Yonge St,Toronto,Ontario,Canada","4150, Yonge Street, Eglinton—Lawrence, North York, Toronto, Golden Horseshoe, Ontario, M2P 2E3, Canada","(43.74633026331879, -79.40737908003406, 0.0)",43.74633026331879,-79.40737908003406,0.0
14,484 A Front St E,Toronto,Ontario,Canada,"484 A Front St E,Toronto,Ontario,Canada","484, Front Street East, Toronto Centre, Old Toronto, Toronto, Golden Horseshoe, Ontario, M5A 0J1, Canada","(43.6535147, -79.3546424, 0.0)",43.6535147,-79.3546424,0.0
15,2125 Dundas St W,Toronto,Ontario,Canada,"2125 Dundas St W,Toronto,Ontario,Canada","Bandit Brewery, 2125, Dundas Street West, Roncesvalles, Parkdale—High Park, Old Toronto, Toronto, Golden Horseshoe, Ontario, M6R 1W9, Canada","(43.652472700000004, -79.44956606090582, 0.0)",43.652472700000004,-79.44956606090582,0.0
16,"391 King Street W, 137 Peter St, 681 Danforth Ave
",Toronto,Ontario,Canada,"391 King Street W, 137 Peter St, 681 Danforth Ave
,Toronto,Ontario,Canada",,,,,
17,797 College St,Toronto,Ontario,Canada,"797 College St,Toronto,Ontario,Canada","797, College Street, College Square, Old Toronto, Toronto, Golden Horseshoe, Ontario, M6G 1C2, Canada","(43.65466896666667, -79.42071396666667, 0.0)",43.65466896666667,-79.42071396666667,0.0
18,88 Ossington Ave,Toronto,Ontario,Canada,"88 Ossington Ave,Toronto,Ontario,Canada","OMAW, 88, Ossington Avenue, Ossington Strip, Old Toronto, Toronto, Golden Horseshoe, Ontario, M6J 2Z2, Canada","(43.6460919, -79.4196668, 0.0)",43.6460919,-79.4196668,0.0
19,1272 Dundas St W,Toronto,Ontario,Canada,"1272 Dundas St W,Toronto,Ontario,Canada","1272, Dundas Street West, Little Portugal, Old Toronto, Toronto, Golden Horseshoe, Ontario, M6J 1X8, Canada","(43.6495779, -79.4250448, 0.0)",43.6495779,-79.4250448,0.0
20,505 College St,Toronto,Ontario,Canada,"505 College St,Toronto,Ontario,Canada","Bar Raval, 505, College Street, University—Rosedale, Old Toronto, Toronto, Golden Horseshoe, Ontario, M6J 2J3, Canada","(43.655877, -79.4099236, 0.0)",43.655877,-79.4099236,0.0
21,158 Cumberland St,Toronto,Ontario,Canada,"158 Cumberland St,Toronto,Ontario,Canada","158, Cumberland Street, University—Rosedale, Old Toronto, Toronto, Golden Horseshoe, Ontario, M5R 3V5, Canada","(43.6698898, -79.3935135, 0.0)",43.6698898,-79.3935135,0.0
22,229 Ossington Ave,Toronto,Ontario,Canada,"229 Ossington Ave,Toronto,Ontario,Canada","Bar Sybanne, 229, Ossington Avenue, Ossington Strip, Old Toronto, Toronto, Golden Horseshoe, Ontario, M6J 2Z2, Canada","(43.6490818, -79.4205073, 0.0)",43.6490818,-79.4205073,0.0
23,928 Dundas St W,Toronto,Ontario,Canada,"928 Dundas St W,Toronto,Ontario,Canada","The Black Hoof, 928, Dundas Street West, University—Rosedale, Old Toronto, Toronto, Golden Horseshoe, Ontario, M6J 1W3, Canada","(43.6509477, -79.4132505, 0.0)",43.6509477,-79.4132505,0.0
24,485 King St W,Toronto,Ontario,Canada,"485 King St W,Toronto,Ontario,Canada","King Street West, Spadina—Fort York, Old Toronto, Toronto, Golden Horseshoe, Ontario, M5V 1L8, Canada","(43.6450493, -79.3971335, 0.0)",43.6450493,-79.3971335,0.0
25,884 Queen St E,Toronto,Ontario,Canada,"884 Queen St E,Toronto,Ontario,Canada","Barrio Cerveceria, 884, Queen Street East, Toronto—Danforth, Old Toronto, Toronto, Golden Horseshoe, Ontario, M4M 1J3, Canada","(43.6604159, -79.3434926, 0.0)",43.6604159,-79.3434926,0.0
26,96 Tecumseth St,Toronto,Ontario,Canada,"96 Tecumseth St,Toronto,Ontario,Canada","Beast Restaurant, 96, Tecumseth Street, Spadina—Fort York, Old Toronto, Toronto, Golden Horseshoe, Ontario, M6J 2H1, Canada","(43.6440878, -79.405647, 0.0)",43.6440878,-79.405647,0.0
27,548 King St W,Toronto,Ontario,Canada,"548 King St W,Toronto,Ontario,Canada","Belfast Love Public House, 548, King Street West, Spadina—Fort York, Old Toronto, Toronto, Golden Horseshoe, Ontario, M5V 1L7, Canada","(43.6449431, -79.398397, 0.0)",43.6449431,-79.398397,0.0
28,4 Front St E,Toronto,Ontario,Canada,"4 Front St E,Toronto,Ontario,Canada","4, Front Street East, Toronto Centre, Old Toronto, Toronto, Golden Horseshoe, Ontario, M5E 1X8, Canada","(43.647024, -79.376872, 0.0)",43.647024,-79.376872,0.0
29,176 Dupont St,Toronto,Ontario,Canada,"176 Dupont St,Toronto,Ontario,Canada","176, Dupont Street, University—Rosedale, Old Toronto, Toronto, Golden Horseshoe, Ontario, M5R 2E6, Canada","(43.6757245, -79.4035798, 0.0)",43.6757245,-79.4035798,0.0
30,612 College St,Toronto,Ontario,Canada,"612 College St,Toronto,Ontario,Canada","Birreria Volo, 612, College Street, University—Rosedale, Old Toronto, Toronto, Golden Horseshoe, Ontario, M6G 1B4, Canada","(43.6551996, -79.4145881, 0.0)",43.6551996,-79.4145881,0.0
31,1044 Gerrard St E,Toronto,Ontario,Canada,"1044 Gerrard St E,Toronto,Ontario,Canada","1044, Gerrard Street East, Toronto—Danforth, Old Toronto, Toronto, Golden Horseshoe, Ontario, M4M 2A1, Canada","(43.6691784, -79.336454, 0.0)",43.6691784,-79.336454,0.0
32,3250 Bloor St W,Toronto,Ontario,Canada,"3250 Bloor St W,Toronto,Ontario,Canada","Black Angus Steakhouse, 3250, Bloor Street West, Etobicoke—Lakeshore, Etobicoke, Toronto, Golden Horseshoe, Ontario, M8X 1E9, Canada","(43.6453826, -79.5213041, 0.0)",43.6453826,-79.5213041,0.0
33,90 Avenue Rd,Toronto,Ontario,Canada,"90 Avenue Rd,Toronto,Ontario,Canada","90, Avenue Road, University—Rosedale, Old Toronto, Toronto, Golden Horseshoe, Ontario, M5R 3J8, Canada","(43.6723184, -79.39578433333334, 0.0)",43.6723184,-79.39578433333334,0.0
34,934 College St,Toronto,Ontario,Canada,"934 College St,Toronto,Ontario,Canada","Brass Taps PIzza Pub, 934, College Street, Davenport, Old Toronto, Toronto, Golden Horseshoe, Ontario, M6H 1A6, Canada","(43.6538012, -79.4260991, 0.0)",43.6538012,-79.4260991,0.0
35,"1208 Yonge St, 4 Boulton Ave",Toronto,Ontario,Canada,"1208 Yonge St, 4 Boulton Ave,Toronto,Ontario,Canada",,,,,
36, 1251 Yonge St,Toronto,Ontario,Canada," 1251 Yonge St,Toronto,Ontario,Canada","RE/MAX Unique Inc., 1251, Yonge Street, University—Rosedale, Old Toronto, Toronto, Golden Horseshoe, Ontario, M4T 1W5, Canada","(43.6841257, -79.3921941, 0.0)",43.6841257,-79.3921941,0.0
37,838 College St,Toronto,Ontario,Canada,"838 College St,Toronto,Ontario,Canada","Pray Tell, 838, College Street, Davenport, Old Toronto, Toronto, Golden Horseshoe, Ontario, M6J 3A5, Canada","(43.6544295, -79.4230561, 0.0)",43.6544295,-79.4230561,0.0
38,1184 Bloor St W,Toronto,Ontario,Canada,"1184 Bloor St W,Toronto,Ontario,Canada","Burdock, 1184, Bloor Street West, Davenport, Old Toronto, Toronto, Golden Horseshoe, Ontario, M6H 1N4, Canada","(43.6595006, -79.4378014, 0.0)",43.6595006,-79.4378014,0.0
39,66 Wellington St W,Toronto,Ontario,Canada,"66 Wellington St W,Toronto,Ontario,Canada","Canoe Restaurant & Bar, 66, Wellington Street West, Toronto-Dominion Centre, Old Toronto, Toronto, Golden Horseshoe, Ontario, M5K 1H6, Canada","(43.6472606, -79.3814529, 0.0)",43.6472606,-79.3814529,0.0
40,400 Bloor St W,Toronto,Ontario,Canada,"400 Bloor St W,Toronto,Ontario,Canada","400, Bloor Street West, University—Rosedale, Old Toronto, Toronto, Golden Horseshoe, Ontario, M5S 1Y5, Canada","(43.6659982, -79.4076916, 0.0)",43.6659982,-79.4076916,0.0
41,77 Adelaide St W,Toronto,Ontario,Canada,"77 Adelaide St W,Toronto,Ontario,Canada","Duke of Westminster, 77, Adelaide Street West, Spadina—Fort York, Old Toronto, Toronto, Golden Horseshoe, Ontario, M5X 1A6, Canada","(43.6494137, -79.382084, 0.0)",43.6494137,-79.382084,0.0
42,1185 King Street W,Toronto,Ontario,Canada,"1185 King Street W,Toronto,Ontario,Canada","Caffino, 1185, King Street West, Parkdale—High Park, Old Toronto, Toronto, Golden Horseshoe, Ontario, M6K 3C5, Canada","(43.6390573, -79.4253614, 0.0)",43.6390573,-79.4253614,0.0
43, 504 Adelaide St W,Toronto,Ontario,Canada," 504 Adelaide St W,Toronto,Ontario,Canada","504, Adelaide Street West, Spadina—Fort York, Old Toronto, Toronto, Golden Horseshoe, Ontario, M5V 2J6, Canada","(43.645773, -79.400835, 0.0)",43.645773,-79.400835,0.0
44,1108 St Clair W,Toronto,Ontario,Canada,"1108 St Clair W,Toronto,Ontario,Canada","St. Clair West, 1515, Bathurst Street, Toronto—St. Paul's, York, Old Toronto, Toronto, Golden Horseshoe, Ontario, M6C 1A1, Canada","(43.6849986, -79.4157296, 0.0)",43.6849986,-79.4157296,0.0
45,330 King St W,Toronto,Ontario,Canada,"330 King St W,Toronto,Ontario,Canada","330, King Street West, Spadina—Fort York, Old Toronto, Toronto, Golden Horseshoe, Ontario, M5V 1J5, Canada","(43.646644, -79.389977, 0.0)",43.646644,-79.389977,0.0
46,20 Wellington St E #1,Toronto,Ontario,Canada,"20 Wellington St E #1,Toronto,Ontario,Canada","Wellington Street East, Toronto Centre, Old Toronto, Toronto, Golden Horseshoe, Ontario, M5E 1J1, Canada","(43.6478709, -79.3772414, 0.0)",43.6478709,-79.3772414,0.0
47,15 Toronto St,Toronto,Ontario,Canada,"15 Toronto St,Toronto,Ontario,Canada","15, Toronto Street, Toronto Centre, Old Toronto, Toronto, Golden Horseshoe, Ontario, M5C 2R1, Canada","(43.650411, -79.376151, 0.0)",43.650411,-79.376151,0.0
48,156 Cumberland St,Toronto,Ontario,Canada,"156 Cumberland St,Toronto,Ontario,Canada","Caplansky's Deli, 156, Cumberland Street, University—Rosedale, Old Toronto, Toronto, Golden Horseshoe, Ontario, M5R 3V5, Canada","(43.6699674, -79.3933498, 0.0)",43.6699674,-79.3933498,0.0
49,275 Cherry St,Toronto,Ontario,Canada,"275 Cherry St,Toronto,Ontario,Canada","Cherry Street Bar-B-Que, 275, Cherry Street, Toronto—Danforth, Old Toronto, Toronto, Golden Horseshoe, Ontario, M5A 1A4, Canada","(43.6455733, -79.3523147, 0.0)",43.6455733,-79.3523147,0.0
50,161 Bay S,Toronto,Ontario,Canada,"161 Bay S,Toronto,Ontario,Canada","Bay, Mayfair Mews, University—Rosedale, Old Toronto, Toronto, Golden Horseshoe, Ontario, M5R 2A7, Canada","(43.6701851, -79.3902694, 0.0)",43.6701851,-79.3902694,0.0
51,104 Portland St,Toronto,Ontario,Canada,"104 Portland St,Toronto,Ontario,Canada","104, Portland Street, Spadina—Fort York, Old Toronto, Toronto, Golden Horseshoe, Ontario, M5V 1M3, Canada","(43.645313, -79.40058175, 0.0)",43.645313,-79.40058175,0.0
52,1058 Gerrard St E,Toronto,Ontario,Canada,"1058 Gerrard St E,Toronto,Ontario,Canada","McGugan's, 1058, Gerrard Street East, Toronto—Danforth, Old Toronto, Toronto, Golden Horseshoe, Ontario, M4M 2A1, Canada","(43.6692831, -79.3359098, 0.0)",43.6692831,-79.3359098,0.0
53,35 Tank House Lane,Toronto,Ontario,Canada,"35 Tank House Lane,Toronto,Ontario,Canada","35, Tank House Lane, Distillery District, Old Toronto, Toronto, Golden Horseshoe, Ontario, M5A 3C4, Canada","(43.650592, -79.357805, 0.0)",43.650592,-79.357805,0.0
54,15 Charles St E,Toronto,Ontario,Canada,"15 Charles St E,Toronto,Ontario,Canada","Comfort Hotel Downtown, 15, Charles Street East, University—Rosedale, Old Toronto, Toronto, Golden Horseshoe, Ontario, M4Y 0C3, Canada","(43.6685701, -79.3853782, 0.0)",43.6685701,-79.3853782,0.0
55,1 Adelaide St E,Toronto,Ontario,Canada,"1 Adelaide St E,Toronto,Ontario,Canada","Dundee Place, 1, Adelaide Street East, Toronto Centre, Old Toronto, Toronto, Golden Horseshoe, Ontario, M5H, Canada","(43.650217, -79.37788564679857, 0.0)",43.650217,-79.37788564679857,0.0
56,1468 Dundas St W,Toronto,Ontario,Canada,"1468 Dundas St W,Toronto,Ontario,Canada","Cry Baby Gallery, 1468, Dundas Street West, Little Portugal, Old Toronto, Toronto, Golden Horseshoe, Ontario, M6K 2B1, Canada","(43.6497228, -79.4309304, 0.0)",43.6497228,-79.4309304,0.0
57,503 College St,Toronto,Ontario,Canada,"503 College St,Toronto,Ontario,Canada","503, College Street, University—Rosedale, Old Toronto, Toronto, Golden Horseshoe, Ontario, M6G 1A6, Canada","(43.655897055555556, -79.40982886666667, 0.0)",43.655897055555556,-79.40982886666667,0.0
58, 620 King St W,Toronto,Ontario,Canada," 620 King St W,Toronto,Ontario,Canada","620, King Street West, Spadina—Fort York, Old Toronto, Toronto, Golden Horseshoe, Ontario, M5V 1M5, Canada","(43.6447147, -79.4009468, 0.0)",43.6447147,-79.4009468,0.0
59,1079 St Clair Ave W,Toronto,Ontario,Canada,"1079 St Clair Ave W,Toronto,Ontario,Canada","1079, St. Clair Avenue West, Davenport, Old Toronto, Toronto, Golden Horseshoe, Ontario, M6E 1A3, Canada","(43.6786001, -79.4395201, 0.0)",43.6786001,-79.4395201,0.0
60,229 Carlton St,Toronto,Ontario,Canada,"229 Carlton St,Toronto,Ontario,Canada","Hey Lucy, 229, Carlton Street, Toronto Centre, Old Toronto, Toronto, Golden Horseshoe, Ontario, M5A 2L2, Canada","(43.6640187, -79.3685496, 0.0)",43.6640187,-79.3685496,0.0
61,150 King St W,Toronto,Ontario,Canada,"150 King St W,Toronto,Ontario,Canada","Sun Life Financial, 150, King Street West, Spadina—Fort York, Old Toronto, Toronto, Golden Horseshoe, Ontario, M5H, Canada","(43.648113, -79.38446054679093, 0.0)",43.648113,-79.38446054679093,0.0
62,1008 Queen St E,Toronto,Ontario,Canada,"1008 Queen St E,Toronto,Ontario,Canada","Eastside Social, 1008, Queen Street East, Toronto—Danforth, Old Toronto, Toronto, Golden Horseshoe, Ontario, M4M 1K2, Canada","(43.6614091, -79.3391536, 0.0)",43.6614091,-79.3391536,0.0
63,425 Spadina Rd,Toronto,Ontario,Canada,"425 Spadina Rd,Toronto,Ontario,Canada","425, Spadina Road, Toronto—St. Paul's, Old Toronto, Toronto, Golden Horseshoe, Ontario, M5P 2W3, Canada","(43.689034757142856, -79.41263457857143, 0.0)",43.689034757142856,-79.41263457857143,0.0
64,18 Tank House Lane,Toronto,Ontario,Canada,"18 Tank House Lane,Toronto,Ontario,Canada","Tank House Lane, Distillery District, Old Toronto, Toronto, Golden Horseshoe, Ontario, M5A 3C4, Canada","(43.6505061, -79.3586271, 0.0)",43.6505061,-79.3586271,0.0
65,2a Kensington Ave,Toronto,Ontario,Canada,"2a Kensington Ave,Toronto,Ontario,Canada","2, Kensington Avenue, University—Rosedale, Old Toronto, Toronto, Golden Horseshoe, Ontario, M5T 2K2, Canada","(43.652653, -79.400027, 0.0)",43.652653,-79.400027,0.0
66,1510 Queen St W,Toronto,Ontario,Canada,"1510 Queen St W,Toronto,Ontario,Canada","Escape Goat, 1510, Queen Street West, Parkdale, Old Toronto, Toronto, Golden Horseshoe, Ontario, M6R 1A1, Canada","(43.6403555, -79.4384265, 0.0)",43.6403555,-79.4384265,0.0
67,15 York Street ,Toronto,Ontario,Canada,"15 York Street ,Toronto,Ontario,Canada","LCBO, 15, York Street, Spadina—Fort York, Old Toronto, Toronto, Golden Horseshoe, Ontario, M5J 0A3, Canada","(43.6424403, -79.3806144, 0.0)",43.6424403,-79.3806144,0.0
68,12 Amelia St,Toronto,Ontario,Canada,"12 Amelia St,Toronto,Ontario,Canada","F'Amelia, 12, Amelia Street, Toronto Centre, Old Toronto, Toronto, Golden Horseshoe, Ontario, M4X 1P7, Canada","(43.667475, -79.3686369, 0.0)",43.667475,-79.3686369,0.0
69,49 Karl Fraser Rd,Toronto,Ontario,Canada,"49 Karl Fraser Rd,Toronto,Ontario,Canada","Fabbrica, 49, Karl Fraser Road, Shops at Don Mills, North York, Toronto, Golden Horseshoe, Ontario, M3C 0E5, Canada","(43.736665, -79.3447964, 0.0)",43.736665,-79.3447964,0.0
70,414 Dupont St,Toronto,Ontario,Canada,"414 Dupont St,Toronto,Ontario,Canada","Fat Pasha, 414, Dupont Street, University—Rosedale, Old Toronto, Toronto, Golden Horseshoe, Ontario, M5R 1V9, Canada","(43.6738788, -79.41174054173544, 0.0)",43.6738788,-79.41174054173544,0.0
71,252 Dupont St,Toronto,Ontario,Canada,"252 Dupont St,Toronto,Ontario,Canada","252, Dupont Street, University—Rosedale, Old Toronto, Toronto, Golden Horseshoe, Ontario, M5R 1V7, Canada","(43.6751744, -79.40627646153847, 0.0)",43.6751744,-79.40627646153847,0.0
72,295 Adelaide St W,Toronto,Ontario,Canada,"295 Adelaide St W,Toronto,Ontario,Canada","Adelaide Street West, Spadina—Fort York, Old Toronto, Toronto, Golden Horseshoe, Ontario, M5H, Canada","(43.6480309, -79.3894575, 0.0)",43.6480309,-79.3894575,0.0
73,942 Queen St W,Toronto,Ontario,Canada,"942 Queen St W,Toronto,Ontario,Canada","Fonda Lola, 942, Queen Street West, Spadina—Fort York, Old Toronto, Toronto, Golden Horseshoe, Ontario, M6J 1G8, Canada","(43.6447647, -79.4166175, 0.0)",43.6447647,-79.4166175,0.0
74,1282 Dundas St W,Toronto,Ontario,Canada,"1282 Dundas St W,Toronto,Ontario,Canada","1282, Dundas Street West, Little Portugal, Old Toronto, Toronto, Golden Horseshoe, Ontario, M6J 1X8, Canada","(43.649592399999996, -79.4254158625, 0.0)",43.649592399999996,-79.4254158625,0.0
75,207 Ossington Ave,Toronto,Ontario,Canada,"207 Ossington Ave,Toronto,Ontario,Canada","Foxley, 207, Ossington Avenue, Ossington Strip, Old Toronto, Toronto, Golden Horseshoe, Ontario, M6J 2Z2, Canada","(43.6486209, -79.4203243, 0.0)",43.6486209,-79.4203243,0.0
76,894 Queen St W,Toronto,Ontario,Canada,"894 Queen St W,Toronto,Ontario,Canada","Fresh, 894, Queen Street West, Spadina—Fort York, Old Toronto, Toronto, Golden Horseshoe, Ontario, M6J 1G3, Canada","(43.645156799999995, -79.41500609309247, 0.0)",43.645156799999995,-79.41500609309247,0.0
77,1190 Dundas St E,Toronto,Ontario,Canada,"1190 Dundas St E,Toronto,Ontario,Canada","Dundas Street East, Toronto Centre, Old Toronto, Toronto, Golden Horseshoe, Ontario, M5B 2P5, Canada","(43.6563843, -79.3777071, 0.0)",43.6563843,-79.3777071,0.0
78,111C Queen St E,Toronto,Ontario,Canada,"111C Queen St E,Toronto,Ontario,Canada","111, Queen Street East, Toronto Centre, Old Toronto, Toronto, Golden Horseshoe, Ontario, M5C 1R8, Canada","(43.653382, -79.374379, 0.0)",43.653382,-79.374379,0.0
79,760 College St,Toronto,Ontario,Canada,"760 College St,Toronto,Ontario,Canada","760, College Street, College Square, Old Toronto, Toronto, Golden Horseshoe, Ontario, M6G 1C2, Canada","(43.655148966666665, -79.41987378571427, 0.0)",43.655148966666665,-79.41987378571427,0.0
80,1330 Queen St W,Toronto,Ontario,Canada,"1330 Queen St W,Toronto,Ontario,Canada","Grand Electric, 1330, Queen Street West, Parkdale, Old Toronto, Toronto, Golden Horseshoe, Ontario, M6K 1M1, Canada","(43.6417457, -79.431558, 0.0)",43.6417457,-79.431558,0.0
81,1118 Queen St E,Toronto,Ontario,Canada,"1118 Queen St E,Toronto,Ontario,Canada","1118, Queen Street East, Toronto—Danforth, Old Toronto, Toronto, Golden Horseshoe, Ontario, M4M 1L4, Canada","(43.66226276666667, -79.33528193333333, 0.0)",43.66226276666667,-79.33528193333333,0.0
82,501 King St E,Toronto,Ontario,Canada,"501 King St E,Toronto,Ontario,Canada","501, King Street East, Toronto Centre, Old Toronto, Toronto, Golden Horseshoe, Ontario, M5A 1G1, Canada","(43.6546075125, -79.35971242500001, 0.0)",43.6546075125,-79.35971242500001,0.0
83,1122 Queen St W,Toronto,Ontario,Canada,"1122 Queen St W,Toronto,Ontario,Canada","Hello 123, 1122, Queen Street West, Little Portugal, Old Toronto, Toronto, Golden Horseshoe, Ontario, M6J 1H9, Canada","(43.6433847, -79.4234943, 0.0)",43.6433847,-79.4234943,0.0
84,142 Cumberland St,Toronto,Ontario,Canada,"142 Cumberland St,Toronto,Ontario,Canada","Hemingway's, 142, Cumberland Street, University—Rosedale, Old Toronto, Toronto, Golden Horseshoe, Ontario, M5R 3V5, Canada","(43.6700063, -79.3928938, 0.0)",43.6700063,-79.3928938,0.0
85,218 Yonge St,Toronto,Ontario,Canada,"218 Yonge St,Toronto,Ontario,Canada","Banana Republic Women, 218, Yonge Street, Toronto Centre, Old Toronto, Toronto, Golden Horseshoe, Ontario, M5H, Canada","(43.6532263, -79.3802282, 0.0)",43.6532263,-79.3802282,0.0
86,119 Harbord St.,Toronto,Ontario,Canada,"119 Harbord St.,Toronto,Ontario,Canada","119, Harbord Street, University—Rosedale, Old Toronto, Toronto, Golden Horseshoe, Ontario, M5S 1G4, Canada","(43.662429, -79.404636, 0.0)",43.662429,-79.404636,0.0
87,454 Parliament St,Toronto,Ontario,Canada,"454 Parliament St,Toronto,Ontario,Canada","House on Parliament, 454, Parliament Street, Toronto Centre, Old Toronto, Toronto, Golden Horseshoe, Ontario, M5A 2H6, Canada","(43.6635099, -79.3678463, 0.0)",43.6635099,-79.3678463,0.0
88,625 Queen St E,Toronto,Ontario,Canada,"625 Queen St E,Toronto,Ontario,Canada","Magenta Health, 625, Queen Street East, Toronto—Danforth, Old Toronto, Toronto, Golden Horseshoe, Ontario, M4M 1G3, Canada","(43.6580729, -79.3528151, 0.0)",43.6580729,-79.3528151,0.0
89,924 Queen W,Toronto,Ontario,Canada,"924 Queen W,Toronto,Ontario,Canada","Queen West, Old Toronto, Toronto, Golden Horseshoe, Ontario, M5V 2B1, Canada","(43.6487476, -79.3963638, 0.0)",43.6487476,-79.3963638,0.0
90,18 Wellington St W,Toronto,Ontario,Canada,"18 Wellington St W,Toronto,Ontario,Canada","18, Wellington Street West, Commerce Court, Old Toronto, Toronto, Golden Horseshoe, Ontario, M5L 1A0, Canada","(43.647756, -79.378072, 0.0)",43.647756,-79.378072,0.0
91,905 King St W,Toronto,Ontario,Canada,"905 King St W,Toronto,Ontario,Canada","King Rustic Kitchen & Bar, 905, King Street West, Spadina—Fort York, Old Toronto, Toronto, Golden Horseshoe, Ontario, M6K 1E4, Canada","(43.6418591, -79.4121128, 0.0)",43.6418591,-79.4121128,0.0
92,588 College St,Toronto,Ontario,Canada,"588 College St,Toronto,Ontario,Canada","588, College Street, University—Rosedale, Old Toronto, Toronto, Golden Horseshoe, Ontario, M6G 1B3, Canada","(43.6554048, -79.4135578, 0.0)",43.6554048,-79.4135578,0.0
93,849 Dundas St W,Toronto,Ontario,Canada,"849 Dundas St W,Toronto,Ontario,Canada","849, Dundas Street West, University—Rosedale, Old Toronto, Toronto, Golden Horseshoe, Ontario, M6J 1W1, Canada","(43.6513327, -79.4100869, 0.0)",43.6513327,-79.4100869,0.0
94, 433 King St W,Toronto,Ontario,Canada," 433 King St W,Toronto,Ontario,Canada","Labora, 433, King Street West, Spadina—Fort York, Old Toronto, Toronto, Golden Horseshoe, Ontario, M5V 1L8, Canada","(43.6452491, -79.3954568, 0.0)",43.6452491,-79.3954568,0.0
95,642 King St W,Toronto,Ontario,Canada,"642 King St W,Toronto,Ontario,Canada","642, King Street West, Spadina—Fort York, Old Toronto, Toronto, Golden Horseshoe, Ontario, M5V 1M5, Canada","(43.64423675, -79.40156375000001, 0.0)",43.64423675,-79.40156375000001,0.0
96,1263 Queen St W,Toronto,Ontario,Canada,"1263 Queen St W,Toronto,Ontario,Canada","Le Phénix, 1263, Queen Street West, Parkdale, Old Toronto, Toronto, Golden Horseshoe, Ontario, M6K 1M1, Canada","(43.6415991, -79.4311262, 0.0)",43.6415991,-79.4311262,0.0
97,42 Liberty St,Toronto,Ontario,Canada,"42 Liberty St,Toronto,Ontario,Canada","Liberty Street, Spadina—Fort York, Old Toronto, Toronto, Golden Horseshoe, Ontario, M6K 3J1, Canada","(43.6376126, -79.4239989, 0.0)",43.6376126,-79.4239989,0.0
98,840 Bloor St W,Toronto,Ontario,Canada,"840 Bloor St W,Toronto,Ontario,Canada","Little Sito, 840, Bloor Street West, University—Rosedale, Old Toronto, Toronto, Golden Horseshoe, Ontario, M6G 1M2, Canada","(43.6625138, -79.4238819, 0.0)",43.6625138,-79.4238819,0.0
99,1595 Dupont St,Toronto,Ontario,Canada,"1595 Dupont St,Toronto,Ontario,Canada","1595, Dupont Street, Junction Triangle, Davenport, Old Toronto, Toronto, Golden Horseshoe, Ontario, M6P, Canada","(43.6649317, -79.4542568, 0.0)",43.6649317,-79.4542568,0.0
100,252 Dupont St,Toronto,Ontario,Canada,"252 Dupont St,Toronto,Ontario,Canada","252, Dupont Street, University—Rosedale, Old Toronto, Toronto, Golden Horseshoe, Ontario, M5R 1V7, Canada","(43.6751744, -79.40627646153847, 0.0)",43.6751744,-79.40627646153847,0.0
101,2 Trinity St,Toronto,Ontario,Canada,"2 Trinity St,Toronto,Ontario,Canada","Trinity Street, Toronto Centre, Old Toronto, Toronto, Golden Horseshoe, Ontario, M5A 3C9, Canada","(43.6522057, -79.3604021, 0.0)",43.6522057,-79.3604021,0.0
102,592 Sherbourne St,Toronto,Ontario,Canada,"592 Sherbourne St,Toronto,Ontario,Canada","Sherbourne Street, Toronto Centre, Old Toronto, Toronto, Golden Horseshoe, Ontario, M4Y 1V5, Canada","(43.6697248, -79.3757758, 0.0)",43.6697248,-79.3757758,0.0
103,80 Ossington Ave,Toronto,Ontario,Canada,"80 Ossington Ave,Toronto,Ontario,Canada","Mamakas, 80, Ossington Avenue, Ossington Strip, Old Toronto, Toronto, Golden Horseshoe, Ontario, M6J 2Z2, Canada","(43.6460022, -79.419643, 0.0)",43.6460022,-79.419643,0.0
104,210 Ossington Ave,Toronto,Ontario,Canada,"210 Ossington Ave,Toronto,Ontario,Canada","BQM Burger, 210, Ossington Avenue, Ossington Strip, Old Toronto, Toronto, Golden Horseshoe, Ontario, M6J 2Z2, Canada","(43.6489232, -79.4207722, 0.0)",43.6489232,-79.4207722,0.0
105,2 O'Neill Rd,Toronto,Ontario,Canada,"2 O'Neill Rd,Toronto,Ontario,Canada","2, O'Neill Road, Shops at Don Mills, North York, Toronto, Golden Horseshoe, Ontario, M3C 0G3, Canada","(43.733925, -79.345016, 0.0)",43.733925,-79.345016,0.0
106,488 Wellington St W,Toronto,Ontario,Canada,"488 Wellington St W,Toronto,Ontario,Canada","The Cloak Bar, 488, Wellington Street West, Spadina—Fort York, Old Toronto, Toronto, Golden Horseshoe, Ontario, M5V 1E3, Canada","(43.6431998, -79.398516, 0.0)",43.6431998,-79.398516,0.0
107,10 Bay St # 105,Toronto,Ontario,Canada,"10 Bay St # 105,Toronto,Ontario,Canada","McLaren McCann, 10, Bay Street, Spadina—Fort York, Old Toronto, Toronto, Golden Horseshoe, Ontario, M5E, Canada","(43.6412166, -79.3775205, 0.0)",43.6412166,-79.3775205,0.0
108,12 Clinton St,Toronto,Ontario,Canada,"12 Clinton St,Toronto,Ontario,Canada","Monarch Tavern, 12, Clinton Street, University—Rosedale, Old Toronto, Toronto, Golden Horseshoe, Ontario, M6J 2N8, Canada","(43.6540567, -79.4135777, 0.0)",43.6540567,-79.4135777,0.0
109,875 Queen St W,Toronto,Ontario,Canada,"875 Queen St W,Toronto,Ontario,Canada","Noce Restaurant & Bar, 875, Queen Street West, Spadina—Fort York, Old Toronto, Toronto, Golden Horseshoe, Ontario, M6J 1E4, Canada","(43.6455327, -79.4113348, 0.0)",43.6455327,-79.4113348,0.0
110,"794 St.Clair Ave W, 2885 Dundas St. W, 1192 Queen St E",Toronto,Ontario,Canada,"794 St.Clair Ave W, 2885 Dundas St. W, 1192 Queen St E,Toronto,Ontario,Canada",,,,,
111,115 Bathurst St,Toronto,Ontario,Canada,"115 Bathurst St,Toronto,Ontario,Canada","Bathurst Street, Toronto—St. Paul's, York, Toronto, Golden Horseshoe, Ontario, M6C 2C2, Canada","(43.697279, -79.424049, 0.0)",43.697279,-79.424049,0.0
112,1185 Dundas St W,Toronto,Ontario,Canada,"1185 Dundas St W,Toronto,Ontario,Canada","The Red Light, 1185, Dundas Street West, Davenport, Old Toronto, Toronto, Golden Horseshoe, Ontario, M6H 1Y3, Canada","(43.6492589, -79.4220469, 0.0)",43.6492589,-79.4220469,0.0
113,33 Yonge St,Toronto,Ontario,Canada,"33 Yonge St,Toronto,Ontario,Canada","BiBab Express Sushi N Rolls, 33, Yonge Street, Toronto Centre, Old Toronto, Toronto, Golden Horseshoe, Ontario, M5E 1G6, Canada","(43.6477934, -79.3761064, 0.0)",43.6477934,-79.3761064,0.0
114,800 Dundas St W,Toronto,Ontario,Canada,"800 Dundas St W,Toronto,Ontario,Canada","Old School, 800, Dundas Street West, University—Rosedale, Old Toronto, Toronto, Golden Horseshoe, Ontario, M6J 1V1, Canada","(43.6519542, -79.4083757, 0.0)",43.6519542,-79.4083757,0.0
115,633 King St W,Toronto,Ontario,Canada,"633 King St W,Toronto,Ontario,Canada","Oretta, 633, King Street West, Spadina—Fort York, Old Toronto, Toronto, Golden Horseshoe, Ontario, M5V 1M5, Canada","(43.6439328, -79.4017977, 0.0)",43.6439328,-79.4017977,0.0
116,1006a Bloor St W,Toronto,Ontario,Canada,"1006a Bloor St W,Toronto,Ontario,Canada","1006, Bloor Street West, Davenport, Old Toronto, Toronto, Golden Horseshoe, Ontario, M6H 1M3, Canada","(43.6610267, -79.4306333, 0.0)",43.6610267,-79.4306333,0.0
117,3827 Bathurst St,Toronto,Ontario,Canada,"3827 Bathurst St,Toronto,Ontario,Canada","Paese, 3827, Bathurst Street, Wilson Heights, York Centre, North York, Toronto, Golden Horseshoe, Ontario, M3H 1S8, Canada","(43.7396662, -79.4342014, 0.0)",43.7396662,-79.4342014,0.0
118,539 Bloor St W,Toronto,Ontario,Canada,"539 Bloor St W,Toronto,Ontario,Canada","539, Bloor Street West, University—Rosedale, Old Toronto, Toronto, Golden Horseshoe, Ontario, M5S 1Y5, Canada","(43.6652165, -79.4101099, 0.0)",43.6652165,-79.4101099,0.0
119,200 Augusta Ave,Toronto,Ontario,Canada,"200 Augusta Ave,Toronto,Ontario,Canada","200, Augusta Avenue, University—Rosedale, Old Toronto, Toronto, Golden Horseshoe, Ontario, M5T 1M1, Canada","(43.6543844, -79.40213978333334, 0.0)",43.6543844,-79.40213978333334,0.0
120,2901 Bayview Ave #300,Toronto,Ontario,Canada,"2901 Bayview Ave #300,Toronto,Ontario,Canada","Bayview Village, 2901, Bayview Avenue, Don Valley North, North York, Toronto, Golden Horseshoe, Ontario, M2K 1E6, Canada","(43.76913195, -79.38518762850444, 0.0)",43.76913195,-79.38518762850444,0.0
121,478 King St. West,Toronto,Ontario,Canada,"478 King St. West,Toronto,Ontario,Canada","Patria, 478, King Street West, Spadina—Fort York, Old Toronto, Toronto, Golden Horseshoe, Ontario, M5V 1L8, Canada","(43.6455424, -79.3964113, 0.0)",43.6455424,-79.3964113,0.0
122,487 Adelaide St W,Toronto,Ontario,Canada,"487 Adelaide St W,Toronto,Ontario,Canada","487, Adelaide Street West, Spadina—Fort York, Old Toronto, Toronto, Golden Horseshoe, Ontario, M5V 2J6, Canada","(43.6456, -79.400769, 0.0)",43.6456,-79.400769,0.0
123,623 Mount Pleasant,Toronto,Ontario,Canada,"623 Mount Pleasant,Toronto,Ontario,Canada","Mount Pleasant, Eglinton Avenue East, Don Valley West, Old Toronto, Toronto, Golden Horseshoe, Ontario, M4P 3B7, Canada","(43.7084166, -79.3901348, 0.0)",43.7084166,-79.3901348,0.0
124,17 Tank House Lane,Toronto,Ontario,Canada,"17 Tank House Lane,Toronto,Ontario,Canada","Pure Spirits, 17, Tank House Lane, Distillery District, Old Toronto, Toronto, Golden Horseshoe, Ontario, M5A 3C4, Canada","(43.6503945, -79.3587541, 0.0)",43.6503945,-79.3587541,0.0
125,208 Queen St W,Toronto,Ontario,Canada,"208 Queen St W,Toronto,Ontario,Canada","Queen Mother Cafe, 208, Queen Street West, Spadina—Fort York, Old Toronto, Toronto, Golden Horseshoe, Ontario, M5V 1Z2, Canada","(43.6504059, -79.3891298, 0.0)",43.6504059,-79.3891298,0.0
126,196 Robert St,Toronto,Ontario,Canada,"196 Robert St,Toronto,Ontario,Canada","196, Robert Street, University—Rosedale, Old Toronto, Toronto, Golden Horseshoe, Ontario, M5S 1G6, Canada","(43.6629591, -79.4041528, 0.0)",43.6629591,-79.4041528,0.0
127,740A King St W,Toronto,Ontario,Canada,"740A King St W,Toronto,Ontario,Canada","King Street West, Spadina—Fort York, Old Toronto, Toronto, Golden Horseshoe, Ontario, M5V 3H5, Canada","(43.6423662, -79.4103882, 0.0)",43.6423662,-79.4103882,0.0
128,633 Logan Avenue,Toronto,Ontario,Canada,"633 Logan Avenue,Toronto,Ontario,Canada","Riverdale Perk Cafe, 633, Logan Avenue, Toronto—Danforth, Old Toronto, Toronto, Golden Horseshoe, Ontario, M4K 1E8, Canada","(43.6713, -79.3467, 0.0)",43.6713,-79.3467,0.0
129,587 King St W,Toronto,Ontario,Canada,"587 King St W,Toronto,Ontario,Canada","587, King Street West, Spadina—Fort York, Old Toronto, Toronto, Golden Horseshoe, Ontario, M5V 1M3, Canada","(43.644329, -79.4002, 0.0)",43.644329,-79.4002,0.0
130, 1576 Dundas St W,Toronto,Ontario,Canada," 1576 Dundas St W,Toronto,Ontario,Canada","1576, Dundas Street West, Little Portugal, Old Toronto, Toronto, Golden Horseshoe, Ontario, M6K 0C2, Canada","(43.64997448965518, -79.43450800344827, 0.0)",43.64997448965518,-79.43450800344827,0.0
131,98 Portland St,Toronto,Ontario,Canada,"98 Portland St,Toronto,Ontario,Canada","98, Portland Street, Spadina—Fort York, Old Toronto, Toronto, Golden Horseshoe, Ontario, M5V 1M3, Canada","(43.644548, -79.40026, 0.0)",43.644548,-79.40026,0.0
132,100 Cumberland St,Toronto,Ontario,Canada,"100 Cumberland St,Toronto,Ontario,Canada","sassafraz, 100, Cumberland Street, University—Rosedale, Old Toronto, Toronto, Golden Horseshoe, Ontario, M5R 3V5, Canada","(43.6703935, -79.3910859, 0.0)",43.6703935,-79.3910859,0.0
133,70 Fraser Ave,Toronto,Ontario,Canada,"70 Fraser Ave,Toronto,Ontario,Canada","School, 70, Fraser Avenue, Spadina—Fort York, Old Toronto, Toronto, Golden Horseshoe, Ontario, M6K 1Y7, Canada","(43.6377952, -79.4243739, 0.0)",43.6377952,-79.4243739,0.0
134,107 King St E,Toronto,Ontario,Canada,"107 King St E,Toronto,Ontario,Canada","107, King Street East, Toronto Centre, Old Toronto, Toronto, Golden Horseshoe, Ontario, M5C 1G9, Canada","(43.649901, -79.3740364137931, 0.0)",43.649901,-79.3740364137931,0.0
135,1241 Bloor St W,Toronto,Ontario,Canada,"1241 Bloor St W,Toronto,Ontario,Canada","1241, Bloor Street West, Davenport, Old Toronto, Toronto, Golden Horseshoe, Ontario, M6H 1N4, Canada","(43.6585566, -79.4411067, 0.0)",43.6585566,-79.4411067,0.0
136,292 College St,Toronto,Ontario,Canada,"292 College St,Toronto,Ontario,Canada","One Loft, 292, College Street, University—Rosedale, Old Toronto, Toronto, Golden Horseshoe, Ontario, M5T 1R9, Canada","(43.657979, -79.4014535, 0.0)",43.657979,-79.4014535,0.0
137, 75 Lower Simcoe St,Toronto,Ontario,Canada," 75 Lower Simcoe St,Toronto,Ontario,Canada","Delta Hotel, 75, Lower Simcoe Street, Spadina—Fort York, Old Toronto, Toronto, Golden Horseshoe, Ontario, M5V 3L9, Canada","(43.6428083, -79.3837488, 0.0)",43.6428083,-79.3837488,0.0
138,99 Yorkville Ave,Toronto,Ontario,Canada,"99 Yorkville Ave,Toronto,Ontario,Canada","Addison Cameron-Huff, Barrister & Solicitor, 99, Yorkville Avenue, University—Rosedale, Old Toronto, Toronto, Golden Horseshoe, Ontario, M5R 1C1, Canada","(43.6715668, -79.3885207, 0.0)",43.6715668,-79.3885207,0.0
139,595 College St,Toronto,Ontario,Canada,"595 College St,Toronto,Ontario,Canada","Sotto Voce Wine & Pasta Bar, 595, College Street, University—Rosedale, Old Toronto, Toronto, Golden Horseshoe, Ontario, M6G 1A9, Canada","(43.6551337, -79.4136802, 0.0)",43.6551337,-79.4136802,0.0
140,580 Church St,Toronto,Ontario,Canada,"580 Church St,Toronto,Ontario,Canada","Fuzion, 580, Church Street, University—Rosedale, Old Toronto, Toronto, Golden Horseshoe, Ontario, M4Y 2C7, Canada","(43.666737, -79.38163, 0.0)",43.666737,-79.38163,0.0
141,132 Yonge St,Toronto,Ontario,Canada,"132 Yonge St,Toronto,Ontario,Canada","Sud Forno, 132, Yonge Street, Toronto Centre, Old Toronto, Toronto, Golden Horseshoe, Ontario, M5H, Canada","(43.6508507, -79.3788402, 0.0)",43.6508507,-79.3788402,0.0
142,5 Brock Ave,Toronto,Ontario,Canada,"5 Brock Ave,Toronto,Ontario,Canada","5, Brock Avenue, Parkdale, Old Toronto, Toronto, Golden Horseshoe, Ontario, M6K 1L7, Canada","(43.6420043, -79.432415, 0.0)",43.6420043,-79.432415,0.0
143,111 Richmond St W,Toronto,Ontario,Canada,"111 Richmond St W,Toronto,Ontario,Canada","True North Mortgage, 111, Richmond Street West, Richmond-Adelaide Centre, Old Toronto, Toronto, Golden Horseshoe, Ontario, M5H, Canada","(43.6504625, -79.3838484, 0.0)",43.6504625,-79.3838484,0.0
144,838 Bloor St W,Toronto,Ontario,Canada,"838 Bloor St W,Toronto,Ontario,Canada","Tallboys Craft Beer House, 838, Bloor Street West, University—Rosedale, Old Toronto, Toronto, Golden Horseshoe, Ontario, M6G 1M2, Canada","(43.6625271, -79.4238249, 0.0)",43.6625271,-79.4238249,0.0
145,922 Queen St W,Toronto,Ontario,Canada,"922 Queen St W,Toronto,Ontario,Canada","Carmen, 922, Queen Street West, Spadina—Fort York, Old Toronto, Toronto, Golden Horseshoe, Ontario, M6J 1G6, Canada","(43.6449167, -79.4158356, 0.0)",43.6449167,-79.4158356,0.0
146,589 College St,Toronto,Ontario,Canada,"589 College St,Toronto,Ontario,Canada","Pizzeria Libretto, 589, College Street, University—Rosedale, Old Toronto, Toronto, Golden Horseshoe, Ontario, M6G 1C2, Canada","(43.6551499, -79.4134595, 0.0)",43.6551499,-79.4134595,0.0
147,120 Bremner Blvd suite 100,Toronto,Ontario,Canada,"120 Bremner Blvd suite 100,Toronto,Ontario,Canada",,,,,
148,145 John St,Toronto,Ontario,Canada,"145 John St,Toronto,Ontario,Canada","145, John Street, Spadina—Fort York, Old Toronto, Toronto, Golden Horseshoe, Ontario, M5H, Canada","(43.649046, -79.390625, 0.0)",43.649046,-79.390625,0.0
149,8 Harbour St,Toronto,Ontario,Canada,"8 Harbour St,Toronto,Ontario,Canada","Butcher Chef, 8, Harbour Street, Spadina—Fort York, Old Toronto, Toronto, Golden Horseshoe, Ontario, M5J 3B1, Canada","(43.6426968, -79.3763351, 0.0)",43.6426968,-79.3763351,0.0
150,10 Temperance St fl 5,Toronto,Ontario,Canada,"10 Temperance St fl 5,Toronto,Ontario,Canada",,,,,
151,225 Richmond St W Suite 100,Toronto,Ontario,Canada,"225 Richmond St W Suite 100,Toronto,Ontario,Canada",,,,,
152,11 Karl Fraser Road,Toronto,Ontario,Canada,"11 Karl Fraser Road,Toronto,Ontario,Canada","11, Karl Fraser Road, Shops at Don Mills, North York, Toronto, Golden Horseshoe, Ontario, M3C 0E5, Canada","(43.734736, -79.344456, 0.0)",43.734736,-79.344456,0.0
153,418 College St,Toronto,Ontario,Canada,"418 College St,Toronto,Ontario,Canada","Little Jerry, 418, College Street, University—Rosedale, Old Toronto, Toronto, Golden Horseshoe, Ontario, M5T 1T3, Canada","(43.6568047, -79.4068665, 0.0)",43.6568047,-79.4068665,0.0
154,88 Fort York Blvd,Toronto,Ontario,Canada,"88 Fort York Blvd,Toronto,Ontario,Canada","The Morning After, 88, Fort York Boulevard, Spadina—Fort York, Old Toronto, Toronto, Golden Horseshoe, Ontario, M5V 3Y2, Canada","(43.6401329, -79.3972398, 0.0)",43.6401329,-79.3972398,0.0
155,121 Yorkville Ave,Toronto,Ontario,Canada,"121 Yorkville Ave,Toronto,Ontario,Canada","The Oxley, 121, Yorkville Avenue, University—Rosedale, Old Toronto, Toronto, Golden Horseshoe, Ontario, M5R 1C4, Canada","(43.67056705, -79.39295595712937, 0.0)",43.67056705,-79.39295595712937,0.0
156,22 Cumberland St,Toronto,Ontario,Canada,"22 Cumberland St,Toronto,Ontario,Canada","22, Cumberland Street, University—Rosedale, Old Toronto, Toronto, Golden Horseshoe, Ontario, M4W 2G4, Canada","(43.67103266666667, -79.388051, 0.0)",43.67103266666667,-79.388051,0.0
157,1378 Queen St W,Toronto,Ontario,Canada,"1378 Queen St W,Toronto,Ontario,Canada","1378, Queen Street West, Parkdale, Old Toronto, Toronto, Golden Horseshoe, Ontario, M6K 1M1, Canada","(43.64142483913044, -79.43336169130434, 0.0)",43.64142483913044,-79.43336169130434,0.0
158,1163 Bloor St W,Toronto,Ontario,Canada,"1163 Bloor St W,Toronto,Ontario,Canada","The Three Speed, 1163, Bloor Street West, Davenport, Old Toronto, Toronto, Golden Horseshoe, Ontario, M6H 1N4, Canada","(43.6591793, -79.4379786, 0.0)",43.6591793,-79.4379786,0.0
159,1382 Danforth Ave,Toronto,Ontario,Canada,"1382 Danforth Ave,Toronto,Ontario,Canada","1382, Danforth Avenue, Beaches—East York, Old Toronto, Toronto, Golden Horseshoe, Ontario, M4C 1H8, Canada","(43.68256764259259, -79.32811876296296, 0.0)",43.68256764259259,-79.32811876296296,0.0
160,811 Queen St W,Toronto,Ontario,Canada,"811 Queen St W,Toronto,Ontario,Canada","811, Queen Street West, Spadina—Fort York, Old Toronto, Toronto, Golden Horseshoe, Ontario, M6J 1E4, Canada","(43.646050472727275, -79.40901823636364, 0.0)",43.646050472727275,-79.40901823636364,0.0
161,596 College St,Toronto,Ontario,Canada,"596 College St,Toronto,Ontario,Canada","Tondou Ramen, 596, College Street, University—Rosedale, Old Toronto, Toronto, Golden Horseshoe, Ontario, M6G 1C2, Canada","(43.6553071, -79.4140626, 0.0)",43.6553071,-79.4140626,0.0
162,220 Yonge St,Toronto,Ontario,Canada,"220 Yonge St,Toronto,Ontario,Canada",,,,,
163,75 Yorkville Ave,Toronto,Ontario,Canada,"75 Yorkville Ave,Toronto,Ontario,Canada","75, Yorkville Avenue, University—Rosedale, Old Toronto, Toronto, Golden Horseshoe, Ontario, M5R 1C1, Canada","(43.671056, -79.391152, 0.0)",43.671056,-79.391152,0.0
164, 591 College St,Toronto,Ontario,Canada," 591 College St,Toronto,Ontario,Canada","Trattoria Taverniti, 591, College Street, University—Rosedale, Old Toronto, Toronto, Golden Horseshoe, Ontario, M6G 1C2, Canada","(43.6551467, -79.4134866, 0.0)",43.6551467,-79.4134866,0.0
165,1718 Avenue Rd,Toronto,Ontario,Canada,"1718 Avenue Rd,Toronto,Ontario,Canada","1718, Avenue Road, Eglinton—Lawrence, North York, Toronto, Golden Horseshoe, Ontario, M5M 3Y6, Canada","(43.728217, -79.4183217, 0.0)",43.728217,-79.4183217,0.0
166,72 Ossington Ave,Toronto,Ontario,Canada,"72 Ossington Ave,Toronto,Ontario,Canada","Union, 72, Ossington Avenue, Ossington Strip, Old Toronto, Toronto, Golden Horseshoe, Ontario, M6J 2Z2, Canada","(43.6458348, -79.4195977, 0.0)",43.6458348,-79.4195977,0.0
167,"2995 Bloor St W, Etobicoke",Toronto,Ontario,Canada,"2995 Bloor St W, Etobicoke,Toronto,Ontario,Canada","Vibo, 2995, Bloor Street West, Etobicoke—Lakeshore, Etobicoke, Toronto, Golden Horseshoe, Ontario, M8X 1C3, Canada","(43.6475004, -79.5099942, 0.0)",43.6475004,-79.5099942,0.0
168, 440 Bloor St W,Toronto,Ontario,Canada," 440 Bloor St W,Toronto,Ontario,Canada","Victory Cafe, 440, Bloor Street West, University—Rosedale, Old Toronto, Toronto, Golden Horseshoe, Ontario, M5S 2N5, Canada","(43.6658474, -79.4085591, 0.0)",43.6658474,-79.4085591,0.0
169, 665 College St,Toronto,Ontario,Canada," 665 College St,Toronto,Ontario,Canada","Vivoli, 665, College Street, University—Rosedale, Old Toronto, Toronto, Golden Horseshoe, Ontario, M6G 1B7, Canada","(43.6548869, -79.4161575, 0.0)",43.6548869,-79.4161575,0.0
170,480 King St W,Toronto,Ontario,Canada,"480 King St W,Toronto,Ontario,Canada","Weslodge, 480, King Street West, Spadina—Fort York, Old Toronto, Toronto, Golden Horseshoe, Ontario, M5V 1L8, Canada","(43.6453893, -79.3961396, 0.0)",43.6453893,-79.3961396,0.0
171,819 Gerrard St E,Toronto,Ontario,Canada,"819 Gerrard St E,Toronto,Ontario,Canada","819, Gerrard Street East, Chinatown East, Old Toronto, Toronto, Golden Horseshoe, Ontario, M4M 1Y5, Canada","(43.667080029411764, -79.34460897058824, 0.0)",43.667080029411764,-79.34460897058824,0.0
